<pkgref spec="1.12" uuid="7718FDBC-EC52-4ACD-91DC-95CAFF6DC2C2"><config><identifier>com.dpt.macpack.checkin.pkg</identifier><version>1</version><description></description><post-install type="none"/><requireAuthorization/><installFrom relative="true">checkin.sh</installFrom><installTo mod="true">/Library/Application Support/DPT</installTo><flags><followSymbolicLinks/></flags><packageStore type="internal"></packageStore><mod>parent</mod><mod>scripts.postinstall.path</mod><mod>scripts.postinstall.isRelativeType</mod><mod>scripts.postflight.path</mod><mod>installFrom.isRelativeType</mod><mod>installTo.path</mod><mod>scripts.postflight.isRelativeType</mod><mod>installTo</mod><mod>identifier</mod></config><scripts><postflight relative="true" mod="true">checkin.sh</postflight></scripts><contents><file-list>01checkin-contents.xml</file-list><filter>/CVS$</filter><filter>/\.svn$</filter><filter>/\.cvsignore$</filter><filter>/\.cvspass$</filter><filter>/\.DS_Store$</filter></contents></pkgref>