<pkmkdoc spec="1.12"><properties><title>Design-PT Mac Pack</title><build>/Users/rnixon/Documents/DPT/Checkin Script/Design-PT Mac Pack.pkg</build><organization>com.dpt</organization><userSees ui="easy"/><min-target os="2"/><domain system="true"/></properties><distribution><versions min-spec="1.000000"/><scripts></scripts></distribution><contents><choice title="checkin" id="choice0" starts_selected="true" starts_enabled="true" starts_hidden="false"><pkgref id="com.dpt.macpack.checkin.pkg"/></choice></contents><resources bg-scale="none" bg-align="center"><locale lang="en"><resource relative="true" mod="true" type="background">logo.jpg</resource></locale></resources><flags/><item type="file">01checkin.xml</item><mod>properties.anywhereDomain</mod><mod>properties.systemDomain</mod><mod>properties.title</mod></pkmkdoc>